{

    "metadata" :
    {
        "formatVersion" : 3.1,
        "sourceFile"    : "treeleaves.obj",
        "generatedBy"   : "OBJConverter",
        "vertices"      : 24,
        "faces"         : 10,
        "normals"       : 24,
        "colors"        : 0,
        "uvs"           : 24,
        "materials"     : 0
    },

    "scale" : 1.000000,

    "materials": [	{
	"DbgColor" : 15658734,
	"DbgIndex" : 0,
	"DbgName" : "default"
	}],

    "vertices": [0.000000,6.000000,7.000000,6.000000,6.000000,3.500000,0.000000,25.000000,0.000000,6.000000,6.000000,3.500000,6.000000,6.000000,-3.500000,0.000000,25.000000,0.000000,6.000000,6.000000,-3.500000,0.000000,6.000000,-7.000000,0.000000,25.000000,0.000000,0.000000,6.000000,-7.000000,-6.000000,6.000000,-3.500000,0.000000,25.000000,0.000000,-6.000000,6.000000,-3.500000,-6.000000,6.000000,3.500000,0.000000,25.000000,0.000000,-6.000000,6.000000,3.500000,0.000000,6.000000,7.000000,0.000000,25.000000,0.000000,0.000000,6.000000,7.000000,6.000000,6.000000,3.500000,6.000000,6.000000,-3.500000,0.000000,6.000000,-7.000000,-6.000000,6.000000,-3.500000,-6.000000,6.000000,3.500000],

    "morphTargets": [],

    "morphColors": [],

    "normals": [0.48014,0.30325,0.8231,0.48014,0.30325,0.8231,0.48014,0.30325,0.8231,0.95358,0.30113,3.0248e-16,0.95358,0.30113,3.0248e-16,0.95358,0.30113,2.7942e-16,0.48014,0.30325,-0.8231,0.48014,0.30325,-0.8231,0.48014,0.30325,-0.8231,-0.48014,0.30325,-0.8231,-0.48014,0.30325,-0.8231,-0.48014,0.30325,-0.8231,-0.95358,0.30113,-9.0745e-16,-0.95358,0.30113,-9.0745e-16,-0.95358,0.30113,-6.9855e-16,-0.48014,0.30325,0.8231,-0.48014,0.30325,0.8231,-0.48014,0.30325,0.8231,0,-1,3.9651e-17,0,-1,0,0,-1,0,0,-1,0,0,-1,0,0,-1,0],

    "colors": [],

    "uvs": [[0.47622,0.35189,0.64935,0.35189,0.56278,0.8516,0.50081,0.17595,0.50081,0.35043,0,0.26319,0.82541,0,0.99854,0,0.91197,0.50117,0.30162,0.35189,0.47475,0.35189,0.38819,0.8516,0.50081,0,0.50081,0.17448,0,0.087241,0.65081,0,0.82394,0,0.73738,0.50117,0.15008,0.70378,0,0.61581,0,0.43987,0.15008,0.35189,0.30016,0.43987,0.30016,0.61581]],

    "faces": [42,2,0,1,0,2,0,1,2,0,1,42,5,3,4,0,5,3,4,5,3,4,42,8,6,7,0,8,6,7,8,6,7,42,11,9,10,0,11,9,10,11,9,10,42,14,12,13,0,14,12,13,14,12,13,42,17,15,16,0,17,15,16,17,15,16,42,18,21,20,0,18,21,20,18,21,20,42,22,21,23,0,22,21,23,22,21,23,42,20,19,18,0,20,19,18,20,19,18,42,23,21,18,0,23,21,18,23,21,18]

}
