{

    "metadata" :
    {
        "formatVersion" : 3.1,
        "sourceFile"    : "tree.obj",
        "generatedBy"   : "OBJConverter",
        "vertices"      : 48,
        "faces"         : 18,
        "normals"       : 48,
        "colors"        : 0,
        "uvs"           : 48,
        "materials"     : 0
    },

    "scale" : 1.000000,

    "materials": [	{
	"DbgColor" : 15658734,
	"DbgIndex" : 0,
	"DbgName" : "default"
	}],

    "vertices": [0.000000,-7.000000,6.000000,6.000000,-3.500000,6.000000,0.000000,0.000000,25.000000,6.000000,-3.500000,6.000000,6.000000,3.500000,6.000000,0.000000,0.000000,25.000000,6.000000,3.500000,6.000000,0.000000,7.000000,6.000000,0.000000,0.000000,25.000000,0.000000,7.000000,6.000000,-6.000000,3.500000,6.000000,0.000000,0.000000,25.000000,-6.000000,3.500000,6.000000,-6.000000,-3.500000,6.000000,0.000000,0.000000,25.000000,-6.000000,-3.500000,6.000000,0.000000,-7.000000,6.000000,0.000000,0.000000,25.000000,0.000000,-7.000000,6.000000,6.000000,-3.500000,6.000000,6.000000,3.500000,6.000000,0.000000,7.000000,6.000000,-6.000000,3.500000,6.000000,-6.000000,-3.500000,6.000000,-1.500000,-1.500000,0.000000,-1.500000,-1.500000,6.000000,1.500000,-1.500000,0.000000,1.500000,-1.500000,6.000000,1.500000,-1.500000,0.000000,1.500000,-1.500000,6.000000,1.500000,1.500000,0.000000,1.500000,1.500000,6.000000,1.500000,1.500000,0.000000,1.500000,1.500000,6.000000,-1.500000,1.500000,0.000000,-1.500000,1.500000,6.000000,-1.500000,1.500000,0.000000,-1.500000,1.500000,6.000000,-1.500000,-1.500000,0.000000,-1.500000,-1.500000,6.000000,-1.500000,-1.500000,0.000000,1.500000,-1.500000,0.000000,1.500000,1.500000,0.000000,-1.500000,1.500000,0.000000,-1.500000,-1.500000,6.000000,1.500000,-1.500000,6.000000,1.500000,1.500000,6.000000,-1.500000,1.500000,6.000000],

    "morphTargets": [],

    "morphColors": [],

    "normals": [0.48014,-0.8231,0.30325,0.48014,-0.8231,0.30325,0.48014,-0.8231,0.30325,0.95358,-3.0248e-16,0.30113,0.95358,-3.0248e-16,0.30113,0.95358,-2.7942e-16,0.30113,0.48014,0.8231,0.30325,0.48014,0.8231,0.30325,0.48014,0.8231,0.30325,-0.48014,0.8231,0.30325,-0.48014,0.8231,0.30325,-0.48014,0.8231,0.30325,-0.95358,9.0745e-16,0.30113,-0.95358,9.0745e-16,0.30113,-0.95358,6.9855e-16,0.30113,-0.48014,-0.8231,0.30325,-0.48014,-0.8231,0.30325,-0.48014,-0.8231,0.30325,0,-3.9651e-17,-1,0,0,-1,0,0,-1,0,0,-1,0,0,-1,0,0,-1,0,-1,0,0,-1,0,0,-1,0,0,-1,0,1,0,0,1,0,0,1,0,0,1,0,0,0,1,0,0,1,0,0,1,0,0,1,0,-1,0,0,-1,0,0,-1,0,0,-1,0,0,0,0,-1,0,0,-1,0,0,-1,0,0,-1,0,0,1,0,0,1,0,0,1,0,0,1],

    "colors": [],

    "uvs": [[0.47622,0.35189,0.64935,0.35189,0.56278,0.8516,0.50081,0.17595,0.50081,0.35043,0,0.26319,0.82541,0,0.99854,0,0.91197,0.50117,0.30162,0.35189,0.47475,0.35189,0.38819,0.8516,0.50081,0,0.50081,0.17448,0,0.087241,0.65081,0,0.82394,0,0.73738,0.50117,0.15008,0.70378,0,0.61581,0,0.43987,0.15008,0.35189,0.30016,0.43987,0.30016,0.61581,0,0,0,0.75,0.25,0,0.25,0.75,0.25,0,0.25,0.75,0.5,0,0.5,0.75,0.5,0,0.5,0.75,0.75,0,0.75,0.75,0.75,0,0.75,0.75,1,0,1,0.75,0,1,0.25,1,0.25,0.75,0,0.75,0.75,0.75,1,0.75,1,1,0.75,1]],

    "faces": [42,2,0,1,0,2,0,1,2,0,1,42,5,3,4,0,5,3,4,5,3,4,42,8,6,7,0,8,6,7,8,6,7,42,11,9,10,0,11,9,10,11,9,10,42,14,12,13,0,14,12,13,14,12,13,42,17,15,16,0,17,15,16,17,15,16,42,18,21,20,0,18,21,20,18,21,20,42,22,21,23,0,22,21,23,22,21,23,42,20,19,18,0,20,19,18,20,19,18,42,23,21,18,0,23,21,18,23,21,18,43,24,26,27,25,0,24,26,27,25,24,26,27,25,43,28,30,31,29,0,28,30,31,29,28,30,31,29,43,32,34,35,33,0,32,34,35,33,32,34,35,33,43,36,38,39,37,0,36,38,39,37,36,38,39,37,42,41,40,43,0,41,40,43,41,40,43,42,43,42,41,0,43,42,41,43,42,41,42,45,47,44,0,45,47,44,45,47,44,42,47,45,46,0,47,45,46,47,45,46]

}
